source_record_id,location_id,location_name,legacy_type,address_line1,city,state,postal_code,country,phone,is_active,created_date,last_modified_date,source_system,batch_id,load_timestamp
1001,LOC-0001,Riverside General Hospital,HOSP,120 River Rd,Columbus,OH,43215,USA,614-555-0101,Y,2015-03-12,2024-06-01,LEGACY_EHR,B20260930_01,2026-09-30T02:00:00Z
1002,LOC-0002,Riverside Family Clinic,CLINIC,45 Elm St,Columbus,OH,43201,USA,614-555-0102,Y,2016-07-22,2024-05-14,LEGACY_EHR,B20260930_01,2026-09-30T02:00:00Z
1003,LOC-0003,Northside Urgent Care,URG_CARE,900 N High St,Columbus,OH,43214,USA,614-555-0103,Y,2018-01-09,2024-08-30,LEGACY_EHR,B20260930_01,2026-09-30T02:00:00Z
1004,LOC-0004,Lakeview Diagnostic Lab,LAB,77 Lake Ave,Cleveland,OH,44114,USA,216-555-0104,Y,2012-11-05,2023-12-19,LEGACY_EHR,B20260930_01,2026-09-30T02:00:00Z
1005,LOC-0005,Lakeview Pharmacy,PHARM,79 Lake Ave,Cleveland,OH,44114,USA,216-555-0105,Y,2012-11-05,2023-12-19,LEGACY_EHR,B20260930_01,2026-09-30T02:00:00Z
1006,LOC-0006,Sunrise Behavioral Health,BH,300 Sunrise Blvd,Dayton,OH,45402,USA,937-555-0106,Y,2019-04-17,2024-02-11,LEGACY_EHR,B20260930_01,2026-09-30T02:00:00Z
1007,LOC-0007,Oak Grove Rehab Center,REHAB,18 Oak Grove Ln,Toledo,OH,43604,USA,419-555-0107,N,2014-09-30,2022-10-03,LEGACY_EHR,B20260930_01,2026-09-30T02:00:00Z
1008,LOC-0008,Westfield Imaging,IMAGING,600 Westfield Dr,Akron,OH,44308,USA,330-555-0108,Y,2017-06-01,2024-07-22,LEGACY_EHR,B20260930_01,2026-09-30T02:00:00Z
1009,LOC-0009,Downtown Dialysis Center,DIALYSIS,22 Main St,Cincinnati,OH,45202,USA,513-555-0109,Y,2020-02-14,2024-09-05,LEGACY_EHR,B20260930_01,2026-09-30T02:00:00Z
1010,LOC-0010,Maple Street Pediatrics,clinic,5 Maple St,Columbus,OH,43206,USA,614-555-0110,Y,2013-05-20,2024-03-08,LEGACY_EHR,B20260930_01,2026-09-30T02:00:00Z
1011,LOC-0011,Harbor Point Hospital ,HOSP ,1 Harbor Pt,Sandusky,OH,44870,USA,419-555-0111,Y,2010-08-15,2024-01-25,LEGACY_EHR,B20260930_01,2026-09-30T02:00:00Z
1012,LOC-0012,Cedar Ridge Home Health,HOMEHEALTH,410 Cedar Ridge Rd,Youngstown,OH,44503,USA,330-555-0112,Y,2021-10-03,2024-04-16,LEGACY_EHR,B20260930_01,2026-09-30T02:00:00Z
1013,LOC-0013,Eastgate Urgent Care,URG_CARE,850 Eastgate Pkwy,Columbus,OH,43213,USA,614-555-0113,Y,2019-12-11,2024-08-02,LEGACY_EHR,B20260930_01,2026-09-30T02:00:00Z
1014,LOC-0014,Pinecrest Surgical Center,ASC,33 Pinecrest Ave,Cleveland,OH,44106,USA,216-555-0114,Y,2016-03-29,2024-06-18,LEGACY_EHR,B20260930_01,2026-09-30T02:00:00Z
1015,LOC-0015,Greenway Wellness Clinic,CLINIC,72 Greenway Dr,Dayton,OH,45420,USA,937-555-0115,Y,03/14/2018,06/10/2024,LEGACY_EHR,B20260930_01,2026-09-30T02:00:00Z
1016,LOC-0016,Summit Cancer Institute,ONC,1500 Summit Way,Columbus,OH,43210,USA,614-555-0116,Y,2011-01-18,2024-09-12,LEGACY_EHR,B20260930_01,2026-09-30T02:00:00Z
1017,LOC-0017,Brookside Pharmacy,PHARM,14 Brookside Ct,Toledo,OH,43606,USA,419-555-0117,Y,2015-07-07,2023-11-30,LEGACY_EHR,B20260930_01,2026-09-30T02:00:00Z
1018,LOC-0018,Metro Sleep Lab,LAB,240 Metro Blvd,Cincinnati,OH,45203,USA,,Y,2022-05-25,2024-05-25,LEGACY_EHR,B20260930_01,2026-09-30T02:00:00Z
1019,LOC-0019,Valley View Nursing Home,SNF,88 Valley View Rd,Canton,OH,44702,USA,330-555-0119,Y,2009-09-09,2024-02-27,LEGACY_EHR,B20260930_01,2026-09-30T02:00:00Z
1020,LOC-0020,Unknown Mobile Unit,,Mobile,Columbus,OH,,USA,614-555-0120,Y,2023-03-03,2024-03-03,LEGACY_EHR,B20260930_01,2026-09-30T02:00:00Z
1021,LOC-0021,Telehealth Hub North,TELE,PO Box 4400,Columbus,OH,43216,USA,614-555-0121,Y,2021-04-19,2024-07-01,LEGACY_EHR,B20260930_01,2026-09-30T02:00:00Z
1022,LOC-0004,Lakeview Diagnostic Lab,LAB,77 Lake Ave,Cleveland,OH,44114,USA,216-555-0104,Y,2012-11-05,2024-09-20,LEGACY_EHR,B20260930_01,2026-09-30T02:00:00Z
1023,LOC-0023,Willow Creek Dental,DENTAL,9 Willow Creek Rd,Mansfield,OH,44902,USA,419-555-0123,Y,2017-08-08,2024-04-04,LEGACY_EHR,B20260930_01,2026-09-30T02:00:00Z
1024,LOC-0024,Fairmount Physical Therapy,PT,61 Fairmount Ave,Akron,OH,44303,usa,330-555-0124,Y,2018-06-26,2024-06-26,LEGACY_EHR,B20260930_01,2026-09-30T02:00:00Z
1025,LOC-0025,Old Town Health Annex,XX_LEGACY,3 Old Town Sq,Zanesville,OH,43701,USA,740-555-0125,N,2008-02-02,2020-01-15,LEGACY_EHR,B20260930_01,2026-09-30T02:00:00Z